,codimap_category,codimap_title,codimap_date,views,comment_numbers,codimap_explain,codimap_hashtag,codimap_imgurl
0,캐주얼,톤온톤 코디,21.07.02,16089,49,편하게 입기 좋은 반팔 티셔츠와 와이드 팬츠를 연출하고 크로스 백으로 마무리한 캐주얼 룩,#톤온톤 #뉴트럴톤 #캠퍼스 #피크닉 #와이드핏 #오버핏 #꾸안꾸 #여름 #캐주얼 #벗딥 #엠엠엘지 #캐치볼 #예일 #반원 아틀리에 #토트백 #잡지/무크지 #캡/야구 모자 #캔버스/단화 #반소매 티셔츠,//image.msscdn.net/images/codimap/detail/4035/detail_4035_1_500.jpg?202307131607
1,캐주얼,블랙 매니아,21.02.23,34679,46,편안한 무드의 조거 팬츠에 블랙 스웨트셔츠를 매치한 후 볼캡으로 마무리한 캐주얼 룩,#봄 #캐주얼 #라퍼지스토어 #다이아몬드 레이라 #나이키 #엠프렌즈 #모티패스트 #이에스엔 #안경 소품 #디퓨저/캔들 #반소매 티셔츠 #셔츠/블라우스 #패션스니커즈화 #케이스/슬리브 #캡/야구 모자 #레더/라이더스 재킷 #맨투맨/스웨트셔츠,//image.msscdn.net/images/codimap/detail/1969/detail_1969_1_500.jpg?202307131607
2,캐주얼,오늘의 코디,22.03.22,12204,38,로고 디테일이 돋보이는 스웨트셔츠와 데님 팬츠를 코디하고 스니커즈로 완성한 캐주얼 룩,#로고플레이 #오버핏 #스티치 #캠퍼스 #봄 #캐주얼 #유니폼브릿지 #아디다스 #47브랜드 #하 아카이브 #어반디타입 #데님 팬츠 #안경 소품 #액자/포스터 #패션스니커즈화 #캡/야구 모자 #메신저/크로스 백 #맨투맨/스웨트셔츠,//image.msscdn.net/images/codimap/detail/13814/detail_13814_1_500.jpg?202307131607
3,댄디,추천 댄디 룩,21.09.15,20190,27,담백한 디테일의 니트와 셔츠를 레이어드하고 데님 팬츠를 더해 완성한 댄디 룩,#데이트 #그래픽 #레이어드룩 #가을 #댄디 #엘무드 #뮤지엄바이비컨 #테이크이지 #로스트가든 #아르반 #플랙 #누깍 #반소매 티셔츠 #니트/스웨터 #안경 #셔츠/블라우스 #부츠 #블루종/MA-1 #데님 팬츠 #숄더백,//image.msscdn.net/images/codimap/detail/6746/detail_6746_1_500.jpg?202307131607
4,캐주얼,릴랙스 룩,21.02.23,23542,22,플라워 자수가 눈에 띄는 니트에 조거 팬츠를 더한 후 레드 볼캡으로 컬러 포인트를 준 이지 캐주얼 룩,#봄 #캐주얼 #카시오 #코닥 #제로 #와릿이즌 #뉴발란스 #커버낫 #디지털 #미니스커트 #캡/야구 모자 #트레이닝/조거 팬츠,//image.msscdn.net/images/codimap/detail/1974/detail_1974_1_500.jpg?202307131607
5,스트릿,힙하다 힙해,21.02.03,35292,21,레더 블루종 점퍼에 오버사이즈 니트와 조거 팬츠를 매치하고 블루 컬러 볼캡으로 멋을 더한 스트릿 룩,#봄 #스트릿 #제로 #월간 #라퍼지스토어 #키치오브제 #블론드나인 #47브랜드 #트레이닝/조거 팬츠 #액자/포스터 #목걸이/펜던트 #레더/라이더스 재킷 #캔버스/단화 #니트/스웨터 #캡/야구 모자,//image.msscdn.net/images/codimap/detail/1701/detail_1701_1_500.jpg?202307131607
6,캐주얼,심플한 코디,21.07.30,39587,18,로고 프린팅이 돋보이는 반팔 티셔츠와 스웨트 팬츠를 매치하고 스니커즈로 완성한 이지 캐주얼 룩,#로고플레이 #편안한 #원마일웨어 #와이드핏 #여름 #캐주얼 #리 #세미콜론 아이웨어 #제로 #반스 #베지터블테이블 #셔츠/블라우스 #반소매 티셔츠 #안경 #트레이닝/조거 팬츠 #캔버스/단화 #캡/야구 모자,//image.msscdn.net/images/codimap/detail/5053/detail_5053_1_500.jpg?202307131607
7,댄디,데이트 코디,21.12.24,10315,18,깔끔한 무드의 니트에 데님 팬츠를 스타일링하고 스니커즈로 마무리한 댄디 룩,#남친룩 #레더 #데이트 #테이퍼드핏 #오버핏 #소개팅 #스티치 #겨울 #댄디 #쿠어 #에스에스알엘 #플랙 #유니폼브릿지 #슈마커 #예일 #니트/스웨터 #메신저/크로스 백 #데님 팬츠 #숏패딩/숏헤비 아우터 #캔버스/단화 #머플러,//image.msscdn.net/images/codimap/detail/10584/detail_10584_1_500.jpg?202307131607
8,댄디,훈훈 남친 룩,21.03.24,19349,16,체크 패턴이 돋보이는 블레이저에 셔츠와 데님 팬츠를 더하고 담백한 구두로 마무리한 댄디 룩,#봄 #댄디 #모디파이드 #반 #락포트 #수아레 #슈트/블레이저 재킷 #기타 시계 #메신저/크로스 백 #데님 팬츠 #구두 #셔츠/블라우스,//image.msscdn.net/images/codimap/detail/2392/detail_2392_1_500.jpg?202307131607
9,캐주얼,지금 입기 좋아,21.08.31,20218,16,오버 핏 스웨트셔츠와 베이지 컬러 팬츠를 코디하고 더비 슈즈로 완성한 캐주얼 룩,#꾸안꾸 #남친룩 #핀턱 #캠퍼스 #와이드핏 #여름 #캐주얼 #브래디백 #와일드 브릭스 #라퍼지스토어 #닥터마틴 #메신저/크로스 백 #잡지/무크지 #팔찌 #맨투맨/스웨트셔츠 #구두,//image.msscdn.net/images/codimap/detail/6174/detail_6174_1_500.jpg?202307131607
10,댄디,서머 데이트 룩,21.07.26,7861,15,깔끔한 셔츠와 니트 베스트를 레이어드하고 클러치 백으로 완성한 댄디 룩,#미니멀 #데이트 #오버핏 #로고플레이 #하객 #화사한 #여름 #댄디 #러프넥 #비슬로우 #퍼스텝 #레테르코모 #캘빈클라인 진 #구두 #코튼 팬츠 #셔츠/블라우스 #베스트 #클러치 백,//image.msscdn.net/images/codimap/detail/4851/detail_4851_1_500.jpg?202307131607
11,댄디,남친 룩으로 제격,21.12.24,9652,14,깔끔한 디테일의 니트와 데님 팬츠를 매치하고 싱글 코트로 마무리한 댄디 룩,#데이트 #레더 #남친룩 #얼죽코 #체크 #소개팅 #와이드핏 #겨울 #댄디 #퀄팩 #쿠어 #트래블 #위더로드 #토피 #수아레 #토트백 #잡지/무크지 #겨울 싱글 코트 #디지털 #머플러 #부츠 #데님 팬츠 #니트/스웨터,//image.msscdn.net/images/codimap/detail/10583/detail_10583_1_500.jpg?202307131607
12,포멀,깔끔하게 즐겨,21.11.09,6314,13,체크 패턴이 돋보이는 블레이저 셋업과 더블 코트를 매치하고 토트백으로 연출한 포멀 룩,#단정한 #출근룩 #격식 #레더 #체크 #셋업코디 #가을 #포멀 #코네트 #엘무드 #프레리 #탄틴 #폭스바겐 와치 #겨울 더블 코트 #디지털 #니트/스웨터 #슈트/블레이저 재킷 #구두 #토트백 #쿼츠 아날로그,//image.msscdn.net/images/codimap/detail/8811/detail_8811_1_500.jpg?202307131607
13,아메리칸,캐주얼 남다른 감각,21.11.17,4337,11,코듀로이 소재의 베스트와 셔츠를 레이어드하고 벌룬 팬츠를 더해 연출한 아메리칸 캐주얼 룩,#뉴트럴톤 #레이어드룩 #코듀로이 #아메카지 #벌룬핏 #가을 #아메리칸 캐주얼 #프리즘웍스 #와일드 브릭스 #미니멀프로젝트 #닥터마틴 #유니폼브릿지 #디미트리블랙 #반소매 티셔츠 #셔츠/블라우스 #머플러 #코튼 팬츠 #헌팅캡/베레모 #구두 #사파리/헌팅 재킷,//image.msscdn.net/images/codimap/detail/9136/detail_9136_1_500.jpg?202307131607
14,캐주얼,편안함의 완성,21.10.04,19425,11,편하게 입기 좋은 스웨트셔츠와 플리스를 연출하고 볼캡으로 완성한 이지 캐주얼 룩,#오버핏 #플리스 #리버서블 #편안한 #원마일웨어 #가을 #캐주얼 #프로스펙스 #브렌슨 #고다신 #커버낫 #주네시 스포츠 클럽 #제멋 #캔버스/단화 #트레이닝/조거 팬츠 #안경 소품 #액자/포스터 #이어폰 #플리스/뽀글이 #캡/야구 모자 #맨투맨/스웨트셔츠,//image.msscdn.net/images/codimap/detail/7449/detail_7449_1_500.jpg?202307131607
15,캐주얼,원 마일 웨어,21.10.08,16784,10,귀여운 그래픽이 돋보이는 스웨트셔츠에 와이드 팬츠를 더하고 비니와 스니커즈로 완성한 이지 캐주얼 룩,#와이드핏 #체크 #그래픽 #지브라 #편안한 #원마일웨어 #가을 #캐주얼 #제로 #반스 #미니멀프로젝트 #엘엠씨 #원헌드레드퍼센트 #트레이닝/조거 팬츠 #캔버스/단화 #비니 #맨투맨/스웨트셔츠,//image.msscdn.net/images/codimap/detail/7692/detail_7692_1_500.jpg?202307131607
16,아메리칸,캐주얼 아메리칸 캐주얼,21.12.21,4495,10,코듀로이 소재가 돋보이는 베스트와 셔츠를 레이어드하고 벌룬 핏 팬츠를 더해 마무리한 아메리칸 캐주얼 룩,#뉴트럴톤 #핀턱 #벌룬핏 #레이어드룩 #체크 #로고플레이 #퀼팅 #아메카지 #코듀로이 #겨울 #아메리칸 캐주얼 #프리즘웍스 #와일드 브릭스 #마인드브릿지 #코스트원더 #유니버셜 케미스트리 #레인보우샌들 #기타 아우터 #비니 #메신저/크로스 백 #잡지/무크지 #패딩 베스트 #셔츠/블라우스 #코튼 팬츠 #헌팅캡/베레모 #구두 #모카신/보트 슈즈,//image.msscdn.net/images/codimap/detail/10377/detail_10377_1_500.jpg?202307131607
17,캐주얼,편하게 완성,21.07.21,14983,10,그린 컬러의 반팔 티셔츠와 스웨트 팬츠를 코디하고 스니커즈로 완성한 이지 캐주얼 룩,#편안한 #캠퍼스 #원마일웨어 #로고플레이 #여름 #캐주얼 #엠엠엘지 #제로 #캉골 #칼하트 #나이키 #캡/야구 모자 #트레이닝/조거 팬츠 #백팩 #반소매 티셔츠 #패션스니커즈화,//image.msscdn.net/images/codimap/detail/4707/detail_4707_1_500.jpg?202307131607
18,캐주얼,레이어드의 매력,21.06.04,12674,9,블랙 컬러 베스트와 셔츠를 레이어드한 후 카고 데님 팬츠로 완성한 캐주얼 룩,#레이어드룩 #남친룩 #여름 #캐주얼 #아코스튜디오스페이스 #어반스터프 #뉴발란스 #리 #라퍼지스토어 #니트/스웨터 #데님 팬츠 #에코백,//image.msscdn.net/images/codimap/detail/3469/detail_3469_1_500.jpg?202307131607
19,포멀,매력적인 포멀 룩,21.09.17,11338,9,깔끔한 디테일의 셔츠와 베스트를 레이어드하고 슬랙스로 완성한 포멀 룩,#미니멀 #남친룩 #데이트 #레더 #레이어드룩 #가을 #포멀 #비에스큐티바이클래시 #후러브스아트 #라퍼지스토어 #캘빈클라인 진 #르네 하우윈 #유니폼브릿지 #블론드나인 #부츠 #기타 스니커즈 #슈트 팬츠/슬랙스 #안경 소품 #디지털 #클러치 백 #안경 #베스트,//image.msscdn.net/images/codimap/detail/6872/detail_6872_1_500.jpg?202307131607
20,댄디,레이어드의 매력,21.11.23,10164,8,깔끔하게 입기 좋은 터틀넥 니트와 베스트를 레이어드하고 슬랙스를 더해 완성한 댄디 룩,#레이어드룩 #레더 #남친룩 #데이트 #뉴트럴톤 #소개팅 #가을 #댄디 #블루엘리펀트 #수아레 #파인드카푸어 #토마스모어 #시그니처 #컬러콜라 #라퍼지스토어 #안경 #니트/스웨터 #숄더백 #슈트 팬츠/슬랙스 #부츠,//image.msscdn.net/images/codimap/detail/9377/detail_9377_1_500.jpg?202307131607
21,캐주얼,발랄함 가득!,21.07.05,3140,8,스트라이프 패턴이 돋보이는 카디건에 데님 팬츠를 코디하고 샌들로 마무리한 캐주얼 룩 ,#오버핏 #스트라이프 #빈티지 #페이즐리 #여름 #캐주얼 #와일드 브릭스 #예루살렘 샌들 #피콰드로 #유니폼브릿지 #에잇세컨즈 #스카프/반다나 #반다나/헤어밴드/거트 #샌들 #메신저/크로스 백 #숏 팬츠,//image.msscdn.net/images/codimap/detail/4084/detail_4084_1_500.jpg?202307131607
22,댄디,남친 룩의 정석,20.11.04,16270,8,깔끔한 실루엣의 체크 코트와 카디건을 레이어드하고 로퍼로 마무리한 댄디 룩,#데이트 #가을 #댄디 #커스텀어클락 #브아빗 #커스텀에이드 #와릿이즌 #쿠어 #삭스더랭귀지 #반소매 티셔츠 #니트/스웨터 #샌들 #데님 팬츠 #안경 #구두 #로퍼 #카디건 #겨울 기타 코트 #양말,//image.msscdn.net/images/codimap/detail/421/detail_421_1_500.jpg?202307131607
23,포멀,손색 없는 단정함,21.11.12,3159,8,단정한 분위기의 더블 코트와 슬랙스를 코디한 후 브리프케이스로 연출한 포멀 룩,#단정한 #격식 #출근룩 #가을 #포멀 #마스카 #스위치 #매너그램 #더니트컴퍼니 #하루타 #사운즈라이프 #아노트 #안데르센 안데르센 #안경 #브리프케이스 #기타 컬처 #넥타이 #구두 #겨울 더블 코트 #셔츠/블라우스 #머플러,//image.msscdn.net/images/codimap/detail/8978/detail_8978_1_500.jpg?202307131607
24,시크,시크한 감각,21.08.20,3717,8,페이즐리 패턴이 돋보이는 슬리브리스에 트위드 재킷을 더하고 부츠 컷 팬츠로 완성한 시크 룩,#모노톤 #페이즐리 #부츠컷 #트위드 #크롭 #여름 #시크 #서포트라이트 #뮤트뮤즈 #비에이블투 #렉켄 #유즈 #선글라스 #숄더백 #슈트/블레이저 재킷 #힐/펌프스 #민소매 티셔츠,//image.msscdn.net/images/codimap/detail/5779/detail_5779_1_500.jpg?202307131607
25,캐주얼,서머 캠퍼스 룩,22.07.19,3137,8,캐주얼 무드의 카라 티셔츠와 숏 팬츠를 셋업으로 매치한 후 메신저 백으로 마무리한 캐주얼 룩,#편안한 #캠퍼스 #꾸안꾸 #뉴트럴톤 #컬러블록 #여름 #캐주얼 #핍스 #컨버스 #파르티멘토 #노커피 #메신저/크로스 백 #기타 컬처 #캔버스/단화 #피케/카라 티셔츠 #케이스/슬리브,//image.msscdn.net/images/codimap/detail/17730/detail_17730_1_500.jpg?202307131607
26,캐주얼,꾸안꾸 코디,22.11.04,3875,8,그래픽 프린팅이 돋보이는 스웨트셔츠와 코튼 팬츠를 매치하고 숏 패딩을 더해 연출한 캐주얼 룩,#겨울 #캐주얼 #글로스턴 #덴메이드 #리트리버클럽 #버빌리안 #커버낫 #토마스모어 #프레드페리 #로고플레이 #그래픽 #코듀로이 #캠퍼스 #꾸안꾸 #심볼 #레이어드룩 #코튼 팬츠 #안경 #메신저/크로스 백 #셔츠/블라우스 #맨투맨/스웨트셔츠 #캔버스/단화 #숏패딩/숏헤비 아우터,//image.msscdn.net/images/codimap/detail/19592/detail_19592_1_500.jpg?202307131607
27,포멀,깔끔한 매력,21.03.08,13731,8,"체크 패턴이 매력적인 블레이저 재킷과 니트, 슬랙스로 깔끔하게 연출한 포멀 룩",#봄 #포멀 #모디파이드 #엘무드 #조셉트 #로우로우 #에스피오나지 #슈트/블레이저 재킷 #기타 시계 #반소매 티셔츠 #니트/스웨터 #구두 #안경 #셔츠/블라우스,//image.msscdn.net/images/codimap/detail/2137/detail_2137_1_500.jpg?202307131607
28,캐주얼,러블리 캐주얼,20.11.18,9419,7,"핑크 컬러 카디건과 터틀넥 니트, 데님 팬츠를 매치하고 비니로 완성한 캐주얼 룩",#가을 #캐주얼 #엠엘비 #5252 바이 오아이오아이 #아메스 월드와이드 #어피스오브케이크 #캔버스/단화 #비니 #메신저/크로스 백 #데님 팬츠,//image.msscdn.net/images/codimap/detail/640/detail_640_1_500.jpg?202307131607
29,캐주얼,캠퍼스 룩,21.07.12,7343,7,패턴이 돋보이는 베스트와 반팔 티셔츠를 레이어드하고 데님 팬츠와 백팩으로 마무리한 캐주얼 룩,#로고플레이 #체크 #캠퍼스 #여름 #캐주얼 #버빌리안 #오니츠카타이거 #스파오 #플랙 #예일 #백팩 #기타 컬처 #패션스니커즈화 #데님 팬츠 #반소매 티셔츠,//image.msscdn.net/images/codimap/detail/4332/detail_4332_1_500.jpg?202307131607
30,캐주얼,오늘의 무드,21.12.06,6962,7,편하게 입기 좋은 후드 티셔츠와 데님 팬츠를 매치하고 스타디움 재킷으로 마무리한 캐주얼 룩,#캠퍼스 #로고플레이 #셀럽템 #SELF_LOVE #와이드핏 #워싱 #겨울 #캐주얼 #이스트쿤스트 #에스피오나지 #야세 #후드 티셔츠 #스타디움 재킷 #데님 팬츠 #슬리퍼,//image.msscdn.net/images/codimap/detail/9786/detail_9786_1_500.jpg?202307131607
31,캐주얼,캐주얼 룩의 정석,20.11.06,16155,7,패턴이 돋보이는 니트와 데님 재킷을 스타일링하고 슬랙스로 완성한 캐주얼 룩,#가을 #캐주얼 #컨버스 #폴로 랄프 로렌 #리 #앤더슨벨 #홀리선 #캔버스/단화 #캡/야구 모자 #에코백 #잡지/무크지 #트러커 재킷,//image.msscdn.net/images/codimap/detail/466/detail_466_1_500.jpg?202307131607
32,캐주얼,잘 고른 재킷,20.10.28,20263,7,루즈 핏의 퀼팅 재킷에 블랙 와이드 진을 매치하고 스니커즈로 포인트를 더한 캐주얼 룩,#가을 #캐주얼 #칼하트 #라츠 #이벳필드 #커버낫 #셔츠/블라우스 #데님 팬츠 #캡/야구 모자,//image.msscdn.net/images/codimap/detail/283/detail_283_1_500.jpg?202307131607
33,포멀,단정한 모습,21.11.26,5653,7,미니멀한 실루엣의 롱 코트와 슬랙스를 매치하고 브리프케이스로 마무리한 포멀 룩,#모노톤 #단정한 #미니멀 #출근룩 #레더 #와이드핏 #가을 #포멀 #커스텀어클락 #시그니처 #슈커스 #탄틴 #베이직하우스 #수아레 #크리스챤모드 #반소매 티셔츠 #카디건 #슈트 팬츠/슬랙스 #안경 소품 #액자/포스터 #부츠 #브리프케이스 #긴소매 티셔츠 #쿼츠 아날로그,//image.msscdn.net/images/codimap/detail/9506/detail_9506_1_500.jpg?202307131607
34,댄디,훈훈한 스타일,21.12.29,3515,7,아가일 패턴이 돋보이는 카디건과 데님 팬츠를 매치하고 머플러를 더해 연출한 댄디 룩,#아가일 #레더 #남친룩 #데이트 #슬림핏 #겨울 #댄디 #트릴리온 #필루미네이트 #쿠어 #커스텀에이드 #커스텀어클락 #247 서울 #엘엠씨 #토트백 #반소매 티셔츠 #셔츠/블라우스 #데님 팬츠 #안경 소품 #부츠 #겨울 더블 코트 #머플러 #카디건,//image.msscdn.net/images/codimap/detail/10738/detail_10738_1_500.jpg?202307131607
35,아메리칸,캐주얼 실패 없는 코디,21.06.11,8271,6,오버 핏 티셔츠와 벌룬 팬츠를 코디하고 샌들로 완성한 아메리칸 캐주얼 룩,#미니멀 #아메카지 #뉴트럴톤 #벌룬핏 #여름 #아메리칸 캐주얼 #로우로우 #한글안경 #유니폼브릿지 #커버낫 #미니멀프로젝트 #메신저/크로스 백 #기타 컬처 #안경 #코튼 팬츠 #샌들 #반소매 티셔츠,//image.msscdn.net/images/codimap/detail/3670/detail_3670_1_500.jpg?202307131607
36,캐주얼,피크닉 가자!,21.08.20,2695,6,그래픽이 돋보이는 스웨트셔츠와 숏 팬츠를 스타일링한 후 스니커즈로 마무리한 캐주얼 룩,#피크닉 #그래픽 #뉴트럴톤 #여름 #캐주얼 #그루브라임 #유니폼브릿지 #뉴발란스 #피지컬 에듀케이션 디파트먼트 #숏 팬츠 #선글라스 #액자/포스터 #버킷/사파리햇 #맨투맨/스웨트셔츠,//image.msscdn.net/images/codimap/detail/5796/detail_5796_1_500.jpg?202307131607
37,댄디,데이트하는 날,21.09.07,16909,6,아가일 패턴이 돋보이는 카디건과 슬랙스를 코디하고 토트백으로 마무리한 댄디 룩  ,#아가일 #모노톤 #데이트 #남친룩 #가을 #댄디 #엘에이알 #니티드 #후러브스아트 #까르벵 워치 #쌤소나이트 레드 #카디건 #슈트 팬츠/슬랙스 #쿼츠 아날로그 #토트백,//image.msscdn.net/images/codimap/detail/6418/detail_6418_1_500.jpg?202307131607
38,댄디,레더 스타일링,21.09.28,8153,6,깔끔한 디테일의 니트에 슬랙스를 코디하고 레더 재킷으로 마무리한 댄디 룩,#레더 #단정한 #남친룩 #미니멀 #데이트 #와이드핏 #핀턱 #가을 #댄디 #내셔널 퍼블리시티 #리트 #비에스큐티바이클래시 #라퍼지스토어 #마하그리드 #일꼬르소 #클러치 백 #슈트 팬츠/슬랙스 #안경 소품 #부츠 #레더/라이더스 재킷 #목걸이/펜던트 #니트/스웨터,//image.msscdn.net/images/codimap/detail/7224/detail_7224_1_500.jpg?202307131607
39,아메리칸,캐주얼 센스 있는 아메카지,22.10.26,7001,6,코듀로이 소재가 돋보이는 코튼 팬츠와 니트를 코디하고 피시테일 파카로 마무리한 아메리칸 캐주얼 룩,#아메카지 #뉴트럴톤 #스트라이프 #코듀로이 #핀턱 #편안한 #가을 #아메리칸 캐주얼 #바스토 #코드그라피 #비전스트릿웨어 #말렌 #루킹포유 #더블유브이프로젝트 #캔버스/단화 #사파리/헌팅 재킷 #니트/스웨터 #메신저/크로스 백 #비니 #코튼 팬츠,//image.msscdn.net/images/codimap/detail/19410/detail_19410_1_500.jpg?202307131607
40,캐주얼,귀여운 프레피 룩,21.06.04,12147,6,귀여운 자수 로고가 돋보이는 베스트에 숏 팬츠를 매치하고 크로스 백으로 포인트를 더한 캐주얼 룩 ,#체크 #프레피룩 #레이어드룩 #피크닉 #여름 #캐주얼 #컨버스 #브래디백 #리 #후아유 #비욘드클로젯 #캔버스/단화 #메신저/크로스 백 #잡지/무크지 #숏 팬츠 #피케/카라 티셔츠 #베스트,//image.msscdn.net/images/codimap/detail/3467/detail_3467_1_500.jpg?202307131607
41,캐주얼,남친 룩 추천,21.06.11,10875,6,로고 프린팅이 돋보이는 티셔츠에 스트라이프 셔츠를 더하고 데님 팬츠로 마무리한 캐주얼 룩,#남친룩 #스트라이프 #로고플레이 #모노톤 #꾸안꾸 #여름 #캐주얼 #리 #닥터마틴 #와릿이즌 #엑스톤즈 #셔츠/블라우스 #반소매 티셔츠 #샌들 #숄더백 #데님 팬츠,//image.msscdn.net/images/codimap/detail/3666/detail_3666_1_500.jpg?202307131607
42,아메리칸,캐주얼 아메카지 무드,22.06.17,4689,6,캐주얼 무드의 반소매 셔츠와 와이드 핏 팬츠를 매치하고 스니커즈로 완성한 아메리칸 캐주얼 룩,#뉴트럴톤 #핀턱 #와이드핏 #아메카지 #린넨 #꾸안꾸 #여름 #아메리칸 캐주얼 #베르투치 #오니츠카타이거 #에메모가든 #프리즘웍스 #쿼츠 아날로그 #패션스니커즈화 #메신저/크로스 백 #셔츠/블라우스,//image.msscdn.net/images/codimap/detail/17104/detail_17104_1_500.jpg?202307131607
43,로맨틱,레트로 스타일링,21.05.17,2297,6,빈티지 무드의 블라우스와 데님 팬츠를 코디한 로맨틱 룩,#봄 #로맨틱 #디모멘트 #게스 #앨리스마샤 #덱케 #리올그 #귀걸이 #데님 팬츠 #숄더백 #힐/펌프스 #헤어 액세서리 #셔츠/블라우스,//image.msscdn.net/images/codimap/detail/3187/detail_3187_1_500.jpg?202307131607
44,포멀,깔끔한 연출,21.11.10,3574,6,간결한 실루엣의 카디건과 슬랙스를 매치하고 더블 코트로 완성한 포멀 룩,#와이드핏 #단정한 #출근룩 #미니멀 #모노톤 #가을 #포멀 #드로우핏 #인사일런스 #로헤이드 #비비엔디 #슈트 팬츠/슬랙스 #긴소매 티셔츠 #겨울 더블 코트 #안경 #구두,//image.msscdn.net/images/codimap/detail/8856/detail_8856_1_500.jpg?202307131607
45,포멀,클래식한 실루엣,21.01.15,4238,6,체크 패턴이 돋보이는 코트와 카디건을 레이어드하고 부츠로 멋을 더한 세미 포멀 룩,#겨울 #포멀 #드로우핏 #발렌티노 루디 #에노우 #블랭크룸 #랩12 #벨룻 #겨울 더블 코트 #디지털 #페도라 #쿼츠 아날로그 #반려동물용품 #미니스커트 #부츠,//image.msscdn.net/images/codimap/detail/1450/detail_1450_1_500.jpg?202307131607
46,포멀,완벽한 스타일링,21.09.15,3986,6,간결한 실루엣의 셔츠와 니트를 레이어드하고 슬랙스로 완성한 포멀 룩,#레이어드룩 #톤온톤 #출근룩 #단정한 #미니멀 #레더 #가을 #포멀 #드로우핏 #씨오큐 #로스트가든 #에가든 #쿠어 #효지노리코 #필루미네이트 #반소매 티셔츠 #셔츠/블라우스 #슈트/블레이저 재킷 #구두 #시계 용품 #토트백 #슈트 팬츠/슬랙스,//image.msscdn.net/images/codimap/detail/6755/detail_6755_1_500.jpg?202307131607
47,캐주얼,멋 내는 방법,21.07.02,5897,5,그래픽이 돋보이는 반팔 티셔츠와 와이드 핏 데님 팬츠를 매치하고 스니커즈로 마무리한 캐주얼 룩,#톤온톤 #그래픽 #캠퍼스 #남친룩 #와이드핏 #여름 #캐주얼 #아식스 #토피 #원헌드레드퍼센트 #밀리어네어햇 #패션스니커즈화 #데님 팬츠 #반소매 티셔츠 #헌팅캡/베레모,//image.msscdn.net/images/codimap/detail/4031/detail_4031_1_500.jpg?202307131607
48,걸리시,귀여운 매치,21.05.17,1918,5,오버 핏 셔츠와 플리츠스커트를 매치하고 그래픽 디테일이 매력적인 크로스 백으로 마무리한 걸리시 룩,#봄 #걸리시 #유리메라 #큐리티 #플리즈프로젝트 #에잇세컨즈 #기타 스니커즈 #미니스커트 #메신저/크로스 백 #헤어 액세서리,//image.msscdn.net/images/codimap/detail/3189/detail_3189_1_500.jpg?202307131607
49,스트릿,스트릿 무드,21.09.06,4286,5,플리스 재킷과 슬리브리스를 연출하고 스니커즈로 포인트를 준 스트릿 룩,#컬러블록 #페스티벌 #유니크 #화사한 #가을 #스트릿 #스컬프터 #논논 #디스이즈네버댓 #하이스쿨디스코 #5252 바이 오아이오아이 #트레이닝/조거 팬츠 #안경 소품 #디퓨저/캔들 #목걸이/펜던트 #비니 #플리스/뽀글이,//image.msscdn.net/images/codimap/detail/6348/detail_6348_1_500.jpg?202307131607
50,캐주얼,캐주얼 룩의 정석,21.03.12,10977,5,스트라이프 패턴이 돋보이는 카라 티셔츠와 치노 팬츠를 매치하고 오렌지 컬러의 캠프캡으로 포인트 준 캐주얼 룩,#봄 #캐주얼 #유니폼브릿지 #커버낫 #캡/야구 모자 #에코백 #코튼 팬츠 #캔버스/단화 #맨투맨/스웨트셔츠,//image.msscdn.net/images/codimap/detail/2237/detail_2237_1_500.jpg?202307131607
51,스트릿,스트라이프 활용법,21.02.19,2801,5,"데미지 디테일이 돋보이는 스트라이프 니트에 카고 팬츠를 매치하고 하이 탑 스니커즈로 마무리한 스트릿 룩
 ",#봄 #스트릿 #로파이 #베이어다이나믹 #플레어업 #어나더유스 #앤더슨벨 #레더/라이더스 재킷 #기타 시계 #캡/야구 모자 #헤드폰 #트레이닝/조거 팬츠 #목걸이/펜던트,//image.msscdn.net/images/codimap/detail/1937/detail_1937_1_500.jpg?202307131607
52,걸리시,누구나 반해,21.12.24,4544,5,체크 패턴이 돋보이는 미니스커트와 스웨트셔츠를 코디하고 숄더백으로 완성한 걸리시 룩,#그래픽 #체크 #레이어드룩 #플리스 #키높이 #글로시 #귀여운 #레더 #여친룩 #짧치 #겨울 #걸리시 #아파트먼트 #타게토 #어피스오브케이크 #룩캐스트 #닥터마틴 #이로우리 #케이크 #헌팅캡/베레모 #맨투맨/스웨트셔츠 #부츠 #기타 스니커즈 #플리스/뽀글이 #숄더백,//image.msscdn.net/images/codimap/detail/10551/detail_10551_1_500.jpg?202307131607
53,포멀,데이트 룩 완성!,21.02.08,10460,5,"미니멀 무드의 코트와 카디건, 슬랙스를 연출하고 스니커즈로 마무리한 세미 포멀 룩",#봄 #포멀 #무신사 스탠다드 #겨울 싱글 코트 #디지털 #페도라 #반소매 티셔츠 #카디건 #벨트 #니트/스웨터 #캔버스/단화 #슈트 팬츠/슬랙스 #안경 소품 #토이,//image.msscdn.net/images/codimap/detail/1765/detail_1765_1_500.jpg?202307131607
54,캐주얼,편하게 멋 내봐,21.09.08,11400,5,편하게 입기 좋은 스웨트셔츠와 데님 팬츠를 연출하고 백팩으로 완성한 캐주얼 룩,#오버핏 #워싱 #캠퍼스 #꾸안꾸 #레이어드룩 #남친룩 #가을 #캐주얼 #제이반스 클래식 #커버낫 #페이탈리즘 #나이키 #팔찌 #백팩 #데님 팬츠 #기타 스니커즈 #셔츠/블라우스,//image.msscdn.net/images/codimap/detail/6495/detail_6495_1_500.jpg?202307131607
55,댄디,레이어드 코디,21.06.10,2569,5,그라데이션 디테일이 매력적인 베스트와 티셔츠를 레이어드하고 와이드 팬츠로 멋을 더한 댄디 룩,#레이어드룩 #그라데이션 #남친룩 #여름 #댄디 #앤더슨벨 #펜디 #슬리퍼 #숄더백,//image.msscdn.net/images/codimap/detail/3620/detail_3620_1_500.jpg?202307131607
56,캐주얼,그린 포인트!,21.05.28,5430,5,"그린 컬러가 돋보이는 반팔 니트와 숏 팬츠를 연출하고 토트백, 첼시 부츠로 완성한 캐주얼 룩",#파스텔 #피크닉 #봄 #캐주얼 #타게토 #닥터마틴 #108서울 #아메스 월드와이드 #리 #선글라스 #부츠 #기타 스니커즈 #헤어 액세서리 #니트/스웨터 #숄더백,//image.msscdn.net/images/codimap/detail/3341/detail_3341_1_500.jpg?202307131607
57,캐주얼,트렌디해!,21.12.24,2703,5,디테일이 매력적인 롱스커트와 카디건을 코디하고 비니로 멋을 더한 캐주얼 룩,#화사한 #편안한 #캠퍼스 #꾸안꾸 #파스텔 #원마일웨어 #겨울 #캐주얼 #라퍼지스토어 #아이러니포르노 화이트라인 #인사일런스 우먼 #페넥 #핑크파인애플 #시티브리즈 #포즈간츠 #숏패딩/숏헤비 아우터 #카디건 #토트백 #비니 #캔버스/단화,//image.msscdn.net/images/codimap/detail/10552/detail_10552_1_500.jpg?202307131607
58,캐주얼,가볍게 툭!,21.05.31,3438,5,로고 프린팅이 돋보이는 반팔 티셔츠와 데님 팬츠를 매치하고 플로럴 패턴 에코백으로 포인트를 준 캐주얼 룩,#편안한 #로고플레이 #플라워 #슬림핏 #찢청 #봄 #캐주얼 #캐치볼 #소곤소곤 #닉앤니콜 #오드스튜디오 #하카블랙스 #캔버스/단화 #에코백 #잡지/무크지 #안경 #셔츠/블라우스 #반소매 티셔츠 #팔찌,//image.msscdn.net/images/codimap/detail/3369/detail_3369_1_500.jpg?202307131607
59,캐주얼,레트로 무드,21.03.12,11482,5,스트라이프 패턴이 돋보이는 카라 티셔츠와 와이드 핏의 데님 팬츠를 매치하고 레트로한 무드가 느껴지는 안경으로 마무리한 캐주얼 룩 ,#봄 #캐주얼 #캉골 #퍼블릭아이콘 #디스이즈네버댓 #루킹포유 #커버낫 #메신저/크로스 백 #기타 컬처 #데님 팬츠 #안경 소품 #헌팅캡/베레모 #캔버스/단화 #안경 #맨투맨/스웨트셔츠,//image.msscdn.net/images/codimap/detail/2235/detail_2235_1_500.jpg?202307131607
60,캐주얼,봄 코디로 딱!,21.03.23,7125,5,산뜻한 분위기의 카디건과 데님 팬츠로 완성한 캐주얼 룩,#봄 #캐주얼 #와릿이즌 #뎃츠잇 #닥터마틴 #빈폴 액세서리 #라츠 #셔츠/블라우스 #반소매 티셔츠 #목걸이/펜던트 #구두 #벨트 #데님 팬츠,//image.msscdn.net/images/codimap/detail/2361/detail_2361_1_500.jpg?202307131607
61,포멀,데이트 룩 완성!,21.02.08,10460,5,"미니멀 무드의 코트와 카디건, 슬랙스를 연출하고 스니커즈로 마무리한 세미 포멀 룩",#봄 #포멀 #무신사 스탠다드 #겨울 싱글 코트 #디지털 #페도라 #반소매 티셔츠 #카디건 #벨트 #니트/스웨터 #캔버스/단화 #슈트 팬츠/슬랙스 #안경 소품 #토이,//image.msscdn.net/images/codimap/detail/1765/detail_1765_1_500.jpg?202307131607
62,아메리칸,캐주얼 멋있는 실루엣,22.01.28,4834,5,코듀로이 셔츠와 베스트를 스타일링하고 코튼 팬츠로 마무리한 아메리칸 캐주얼 룩,#아메카지 #뉴트럴톤 #벌룬핏 #오버핏 #레이어드룩 #퍼 #코듀로이 #핀턱 #겨울 #아메리칸 캐주얼 #프리즘웍스 #클레망 #오버다인 #다이아몬드 레이라 #사운즈라이프 #숏패딩/숏헤비 아우터 #비니 #구두 #로퍼 #메신저/크로스 백 #셔츠/블라우스,//image.msscdn.net/images/codimap/detail/11872/detail_11872_1_500.jpg?202307131607
63,캐주얼,가볍게 툭!,21.05.31,3438,5,로고 프린팅이 돋보이는 반팔 티셔츠와 데님 팬츠를 매치하고 플로럴 패턴 에코백으로 포인트를 준 캐주얼 룩,#편안한 #로고플레이 #플라워 #슬림핏 #찢청 #봄 #캐주얼 #캐치볼 #소곤소곤 #닉앤니콜 #오드스튜디오 #하카블랙스 #캔버스/단화 #에코백 #잡지/무크지 #안경 #셔츠/블라우스 #반소매 티셔츠 #팔찌,//image.msscdn.net/images/codimap/detail/3369/detail_3369_1_500.jpg?202307131607
64,캐주얼,데일리 캠퍼스 룩,22.04.01,4075,5,편하게 입기 좋은 후드 티셔츠와 데님 팬츠를 매치하고 숄더백으로 마무리한 캐주얼 룩,#로고플레이 #콜라보 #오버핏 #와이드핏 #워싱 #캠퍼스 #파스텔 #봄 #캐주얼 #컨버스 #브랜디드 #비전스트릿웨어 #3130스튜디오 #씨네드 #캔버스/단화 #데님 팬츠 #후드 티셔츠 #케이스/슬리브 #숄더백,//image.msscdn.net/images/codimap/detail/14269/detail_14269_1_500.jpg?202307131607
65,스트릿,서머 스트릿,21.06.10,2655,5,유니크한 프린팅이 돋보이는 팬츠와 반팔 티셔츠를 매치하고 크로스 백으로 멋을 더한 스트릿 룩,#컬러포인트 #유니크 #그래픽 #여름 #스트릿 #뎃츠잇 #알렌느 #오니츠카타이거 #노우웨이브 #팔렛 #지샥 #목걸이/펜던트 #메신저/크로스 백 #기타 컬처 #코튼 팬츠 #반소매 티셔츠 #디지털,//image.msscdn.net/images/codimap/detail/3633/detail_3633_1_500.jpg?202307131607
66,스트릿,스트라이프 활용법,21.02.19,2801,5,"데미지 디테일이 돋보이는 스트라이프 니트에 카고 팬츠를 매치하고 하이 탑 스니커즈로 마무리한 스트릿 룩
 ",#봄 #스트릿 #로파이 #베이어다이나믹 #플레어업 #어나더유스 #앤더슨벨 #레더/라이더스 재킷 #기타 시계 #캡/야구 모자 #헤드폰 #트레이닝/조거 팬츠 #목걸이/펜던트,//image.msscdn.net/images/codimap/detail/1937/detail_1937_1_500.jpg?202307131607
67,스트릿,따라 입고 싶어,21.08.30,1980,5,컬러 블록이 돋보이는 윈드브레이커와 타이다이 티셔츠를 스타일링하고 조거 팬츠로 완성한 스트릿 룩,#컬러블록 #타이다이 #그래픽 #페스티벌 #여름 #스트릿 #써치410 #논논 #어피스오브케이크 #스컬프터 #버킷/사파리햇 #목걸이/펜던트 #긴소매 티셔츠 #트레이닝/조거 팬츠,//image.msscdn.net/images/codimap/detail/6116/detail_6116_1_500.jpg?202307131607
68,캐주얼,센스 있어 보여,21.08.19,2093,5,크롭 니트에 데님 팬츠를 매치하고 스니커즈로 멋을 더한 캐주얼 룩,#럭셔리 #찢청 #부츠컷 #하이웨이스트 #크롭 #여름 #캐주얼 #구찌 #앤더슨벨 포 우먼 #버버리 #디올 #팔찌 #숄더백 #캔버스/단화,//image.msscdn.net/images/codimap/detail/5721/detail_5721_1_500.jpg?202307131607
69,아메리칸,캐주얼 아메카지 무드,22.11.10,5085,5,패턴 디테일이 매력적인 베스트와 셔츠를 레이어드하고 코튼 팬츠로 완성한 아메리칸 캐주얼 룩,#겨울 #아메리칸 캐주얼 #사운즈라이프 #윙스풋 #제이반스 클래식 #테이크이지 #포디어웍스 #프라이노크 #후브스 #아메카지 #레이어드룩 #뉴트럴톤 #벌룬핏 #머플러 #메신저/크로스 백 #셔츠/블라우스 #코튼 팬츠 #니트/스웨터 #캔버스/단화 #숏패딩/숏헤비 아우터,//image.msscdn.net/images/codimap/detail/19699/detail_19699_1_500.jpg?202307131607
70,캐주얼,캐주얼 룩의 정석,21.03.12,10977,5,스트라이프 패턴이 돋보이는 카라 티셔츠와 치노 팬츠를 매치하고 오렌지 컬러의 캠프캡으로 포인트 준 캐주얼 룩,#봄 #캐주얼 #유니폼브릿지 #커버낫 #캡/야구 모자 #에코백 #코튼 팬츠 #캔버스/단화 #맨투맨/스웨트셔츠,//image.msscdn.net/images/codimap/detail/2237/detail_2237_1_500.jpg?202307131607
71,스트릿,힙한 무드,21.08.24,4515,5,그래픽이 돋보이는 반팔 티셔츠에 후드 티셔츠를 더하고 조거 팬츠로 완성한 스트릿 룩,#모노톤 #그래픽 #유니크 #페스티벌 #크롭 #레이어드룩 #여름 #스트릿 #스컬프터 #제로플래닛 #배디 #시티브리즈 #네스티팬시클럽 #트레이닝/조거 팬츠 #숄더백 #후드 티셔츠 #반소매 티셔츠 #목걸이/펜던트,//image.msscdn.net/images/codimap/detail/5873/detail_5873_1_500.jpg?202307131607
72,캐주얼,스쿨 룩의 정석,21.08.03,2379,4,그래픽이 돋보이는 반팔 티셔츠와 데님 팬츠를 매치한 후 스니커즈로 포인트를 준 캐주얼 룩,#그래픽 #캠퍼스 #남친룩 #꾸안꾸 #여름 #캐주얼 #벤 데이비스 #컨버스 #유니폼브릿지 #지샥 #나이스고스트클럽 #백팩 #기타 컬처 #캔버스/단화 #데님 팬츠 #디지털,//image.msscdn.net/images/codimap/detail/5161/detail_5161_1_500.jpg?202307131607
73,걸리시,플라워 향연,21.05.17,794,4,플라워 패턴이 돋보이는 블라우스와 미니스커트를 코디하고 로퍼를 더해 마무리한 걸리시 룩,#봄 #걸리시 #플레이노모어 #시눈 #펄리모어 #인스턴트펑크 #숄더백 #셔츠/블라우스 #목걸이/펜던트 #미니스커트,//image.msscdn.net/images/codimap/detail/3186/detail_3186_1_500.jpg?202307131607
74,캐주얼,모노 톤 스타일링,21.08.09,9319,4,그레이 컬러 셔츠와 린넨 팬츠를 매치하고 볼캡과 크로스 백으로 연출한 캐주얼 룩,#모노톤 #와이드핏 #미니멀 #레더 #남친룩 #스트라이프 #여름 #캐주얼 #몬스터리퍼블릭 #리 #닥터마틴 #라퍼지스토어 #메신저/크로스 백 #캡/야구 모자 #슬리퍼 #코튼 팬츠,//image.msscdn.net/images/codimap/detail/5349/detail_5349_1_500.jpg?202307131607
75,캐주얼,꾸안꾸 코디,21.08.20,6006,4,스트라이프 패턴이 돋보이는 티셔츠와 조거 팬츠를 매치하고 볼캡으로 완성한 캐주얼 룩,#편안한 #로고플레이 #스트라이프 #여름 #캐주얼 #마지언타이틀 #휠라 #컨버스 #스컬프터 #메신저/크로스 백 #캡/야구 모자 #트레이닝/조거 팬츠 #긴소매 티셔츠,//image.msscdn.net/images/codimap/detail/5807/detail_5807_1_500.jpg?202307131607
76,로맨틱,로맨틱한 실루엣,21.02.19,2152,4,아이보리 컬러의 니트에  미디스커트를 매치하고 앵클부츠로 마무리한 로맨틱 룩,#봄 #로맨틱 #리올그 #엘칸토 #애노드레브 #페이드마인 #에잇세컨즈 #미디스커트 #부츠 #숄더백 #목걸이/펜던트,//image.msscdn.net/images/codimap/detail/1942/detail_1942_1_500.jpg?202307131607
77,스트릿,유니크한 매치,21.03.15,1634,4,로고 디테일이 돋보이는 블레이저 재킷과 유니크한 패턴의 데님 팬츠로 완성한 스트릿 룩,#봄 #스트릿 #뎃츠잇 #이스트쿤스트 #리복 #라츠 #엠엘비 #볼컴 #목걸이/펜던트 #반소매 티셔츠 #패션스니커즈화 #데님 팬츠 #캡/야구 모자,//image.msscdn.net/images/codimap/detail/2247/detail_2247_1_500.jpg?202307131607
78,캐주얼,센스 있는 조합,21.07.26,5871,4,그래픽이 돋보이는 반팔 티셔츠와 벌룬 팬츠를 매치하고 목걸이로 포인트를 준 캐주얼 룩,#그래픽 #오버핏 #벌룬핏 #캠퍼스 #꾸안꾸 #여름 #캐주얼 #쿼르코어 #커스텀에이드 #미니멀프로젝트 #리끌로우 #언아웃핏 #비바스튜디오 #목걸이/펜던트 #캔버스/단화 #데님 팬츠 #안경 소품 #안경 #백팩 #반소매 티셔츠,//image.msscdn.net/images/codimap/detail/4854/detail_4854_1_500.jpg?202307131607
79,캐주얼,백팩이 포인트!,21.07.28,4523,4,아가일 패턴이 돋보이는 베스트에 데님 팬츠를 코디하고 백팩으로 포인트를 준 캐주얼 룩,#아가일 #와이드핏 #그래픽 #캠퍼스 #화사한 #여름 #캐주얼 #반스 #오에스티 #트립션 #로에일 #척 #1993스튜디오 #캔버스/단화 #쿼츠 아날로그 #반려동물용품 #셔츠/블라우스 #반소매 티셔츠 #데님 팬츠 #베스트 #백팩,//image.msscdn.net/images/codimap/detail/4927/detail_4927_1_500.jpg?202307131607
80,댄디,깔끔한 레이어드,21.07.16,13443,4,니트 베스트에 반팔 티셔츠를 레이어드하고 데님 팬츠로 마무리한 댄디 룩,#미니멀 #남친룩 #데이트 #레더 #여름 #댄디 #페이탈리즘 #몬스터리퍼블릭 #로스트가든 #블론드나인 #브렌슨 #데님 팬츠 #안경 소품 #메신저/크로스 백 #안경 #구두 #베스트 #반소매 티셔츠,//image.msscdn.net/images/codimap/detail/4551/detail_4551_1_500.jpg?202307131607
81,스트릿,힙한 매력,20.11.09,5111,4,터틀넥 티셔츠와 패턴 베스트를 레이어드하고 컬러 볼캡과 어글리 슈즈로 포인트를 준 스트릿 룩,#가을 #스트릿 #유니어패럴 #큐리티 #나이키 #블러1.0 #아코스튜디오스페이스 #반소매 티셔츠 #맨투맨/스웨트셔츠 #샌들 #트레이닝/조거 팬츠 #안경 소품 #패션스니커즈화 #캡/야구 모자 #베스트 #귀걸이,//image.msscdn.net/images/codimap/detail/496/detail_496_1_500.jpg?202307131607
82,캐주얼,추천 캠퍼스 코디,22.08.25,15007,4,로고 포인트의 스웨트셔츠와 데님 팬츠를 스타일링하고 스니커즈로 연출한 캐주얼 룩,#로고플레이 #자수 #캠퍼스 #꾸안꾸 #여름 #캐주얼 #네이키드니스 #반스 #사운즈라이프 #신지모루 #예일 #백팩 #캔버스/단화 #데님 팬츠 #시계 용품 #맨투맨/스웨트셔츠,//image.msscdn.net/images/codimap/detail/18371/detail_18371_1_500.jpg?202307131607
83,스트릿,조거 팬츠가 대세,20.10.29,28156,4,캐주얼 무드의 니트와 조거 팬츠를 매치하고 하이탑 스니커즈로 마무리한 스트릿 룩,#가을 #스트릿 #제로 #쇼브오프 #라퍼지스토어 #크리틱 #트레이닝/조거 팬츠 #액자/포스터 #팔찌 #메신저/크로스 백 #니트/스웨터,//image.msscdn.net/images/codimap/detail/326/detail_326_1_500.jpg?202307131607
84,캐주얼,캐주얼의 정석,21.01.04,9379,4,보온성을 더해줄 퍼 재킷에 스웨트셔츠와 스웨트 팬츠를 매치하고 블루 컬러 아이템으로 포인트를 준 이지 캐주얼 룩,#겨울 #캐주얼 #바이시클트로피 #컨버스 #아웃스탠딩 #예일 #후아유 #팔찌 #캔버스/단화 #트레이닝/조거 팬츠 #맨투맨/스웨트셔츠 #캡/야구 모자,//image.msscdn.net/images/codimap/detail/1277/detail_1277_1_500.jpg?202307131607
85,로맨틱,상큼하게 화사하게,21.08.18,1726,4,그래픽 프린팅이 돋보이는 원피스에 숄더백을 더해 완성한 로맨틱 룩,#그래픽 #화사한 #폭염 #빈티지 #여름 #로맨틱 #펄리모어 #세이모 온도 #트윗비피 #배디 #로이드 #팔찌 #숄더백 #슬리퍼 #미니 원피스 #귀걸이,//image.msscdn.net/images/codimap/detail/5679/detail_5679_1_500.jpg?202307131607
86,캐주얼,편하고 멋있게,21.07.14,10367,4,오버 핏 반팔 셔츠에 벌룬 숏 팬츠를 매치하고 버킷햇으로 멋을 더한 캐주얼 룩,#오버핏 #벌룬핏 #시티보이룩 #로고플레이 #여름 #캐주얼 #트래블 #라퍼지스토어 #셔츠/블라우스 #메신저/크로스 백,//image.msscdn.net/images/codimap/detail/4437/detail_4437_1_500.jpg?202307131607
87,포멀,담백한 실루엣,21.11.04,3707,4,와펜 디테일이 돋보이는 카디건과 슬랙스를 스타일링한 후 백팩으로 마무리한 포멀 룩,#모노톤 #체크 #단정한 #핀턱 #출근룩 #레더 #와펜 #가을 #포멀 #비욘드클로젯 #쌤소나이트 #제로라운지 #트릴리온 #락포트 #수아레 #주앙옴므 #카디건 #백팩 #머플러 #셔츠/블라우스 #구두 #슈트 팬츠/슬랙스,//image.msscdn.net/images/codimap/detail/8674/detail_8674_1_500.jpg?202307131607
88,시크,넘볼 수 없는 분위기,21.05.24,1656,4,유니크한 그래픽이 돋보이는 튜브 탑과 와이드 팬츠로 연출한 시크 룩,#그래픽 #모노톤 #봄 #시크 #레이지던 #블랑토 #유즈 #블랭크룸 #엣클립 #귀걸이 #힐/펌프스 #코튼 팬츠 #숄더백,//image.msscdn.net/images/codimap/detail/3250/detail_3250_1_500.jpg?202307131607
89,캐주얼,체크 패턴 활용법,20.10.29,3077,4,그린 컬러 니트와 슬랙스를 매치하고 안경으로 마무리한 이지 캐주얼 룩,#가을 #캐주얼 #어커버 #유니폼브릿지 #미나브 #르네 하우윈 #슈트 팬츠/슬랙스 #안경 소품 #반소매 티셔츠 #셔츠/블라우스 #안경,//image.msscdn.net/images/codimap/detail/330/detail_330_1_500.jpg?202307131607
90,댄디,깔끔한 무드,21.10.01,9098,4,깔끔한 실루엣의 블루종에 니트와 데님 팬츠를 코디하고 앵클부츠로 마무리한 댄디 룩,#미니멀 #남친룩 #오버핏 #레더 #데이트 #가을 #댄디 #테이크이지 #이오유스튜디오 #로스트가든 #피스워커 #프록시엘 #라퍼지스토어 #반소매 티셔츠 #니트/스웨터 #목걸이/펜던트 #부츠 #데님 팬츠 #브리프케이스,//image.msscdn.net/images/codimap/detail/7394/detail_7394_1_500.jpg?202307131607
91,캐주얼,서머 캐주얼,21.05.28,3820,4,오버 핏 반팔 셔츠와 숏 팬츠를 매치하고 틴트 선글라스로 포인트를 더한 캐주얼 룩,#오버핏 #컬러포인트 #화사한 #봄 #캐주얼 #반스 #파르티멘토 #티미드프리크 #엠엘비 #아웃도어 프로덕츠 #캔버스/단화 #숏 팬츠 #선글라스 #액자/포스터 #버킷/사파리햇,//image.msscdn.net/images/codimap/detail/3351/detail_3351_1_500.jpg?202307131607
92,캐주얼,활동하기 최고,21.09.23,6264,4,편하게 입기 좋은 스웨트셔츠와 블루종을 연출하고 스니커즈로 완성한 이지 캐주얼 룩,#카고 #와이드핏 #편안한 #원마일웨어 #로고플레이 #가을 #캐주얼 #라퍼지스토어 #챕터에잇 #지프 #인터섹션 #데이트 #안경 소품 #디퓨저/캔들 #캡/야구 모자 #맨투맨/스웨트셔츠 #블루종/MA-1 #기타 스니커즈,//image.msscdn.net/images/codimap/detail/7069/detail_7069_1_500.jpg?202307131607
93,캐주얼,캠퍼스 코디 추천,22.04.29,17894,4,로고가 돋보이는 반팔 티셔츠와 와이드 핏 팬츠를 매치한 후 볼캡으로 마무리한 캐주얼 룩,#캠퍼스 #로고플레이 #와이드핏 #컬러포인트 #봄 #캐주얼 #카비시 #수아레 #널디 #우알롱 #케이스/슬리브 #반소매 티셔츠 #코튼 팬츠 #기타 스니커즈 #캡/야구 모자,//image.msscdn.net/images/codimap/detail/15351/detail_15351_1_500.jpg?202307131607
94,댄디,멋이란 이런 것,21.09.13,3232,4,담백한 실루엣의 셔츠와 니트 베스트를 레이어드하고 슬랙스를 더해 완성한 댄디 룩,#레이어드룩 #모노톤 #와이드핏 #핀턱 #미니멀 #데이트 #레더 #가을 #댄디 #유니폼브릿지 #벨룻 #아노블리어 #드로우핏 #유니온블루 #비바스튜디오 #슈트 팬츠/슬랙스 #안경 소품 #액자/포스터 #구두 #베스트 #메신저/크로스 백 #팔찌 #셔츠/블라우스,//image.msscdn.net/images/codimap/detail/6646/detail_6646_1_500.jpg?202307131607
95,걸리시,더플코트 코디,21.01.29,1712,4,카라 디테일이 돋보이는 더플코트와 스웨트셔츠를 매치하고 미니스커트로 완성한 걸리시 룩,#겨울 #걸리시 #로맨틱크라운 #더 로켓 #더블유브이프로젝트 #조셉앤스테이시 #스파오 #닥터마틴 #양말 #미니스커트 #맨투맨/스웨트셔츠 #장갑 #겨울 기타 코트 #부츠 #기타 스니커즈,//image.msscdn.net/images/codimap/detail/1654/detail_1654_1_500.jpg?202307131607
96,캐주얼,꾸안꾸 무드,21.12.16,5131,4,스트라이프 패턴이 돋보이는 스웨트셔츠와 트레이닝 팬츠를 매치하고 스니커즈로 마무리한 캐주얼 룩,#스트라이프 #편안한 #꾸안꾸 #캠퍼스 #핀턱 #겨울 #캐주얼 #언더컨트롤 #제로 #테이크이지 #슈마커 #세븐피겨스 #뱅앤올룹슨 #비니 #트레이닝/조거 팬츠 #맨투맨/스웨트셔츠 #롱패딩/롱헤비 아우터 #헤드폰,//image.msscdn.net/images/codimap/detail/10248/detail_10248_1_500.jpg?202307131607
97,캐주얼,어울리는 조합,21.07.02,2057,4,그래픽 티셔츠에 숏 팬츠와 스니커즈를 더해 완성한 캐주얼 룩,#레터링 #그래픽 #캠퍼스 #여름 #캐주얼 #베이크솔 #커버낫 #리복 #누깍 #캔버스/단화 #버킷/사파리햇 #토트백,//image.msscdn.net/images/codimap/detail/4027/detail_4027_1_500.jpg?202307131607
98,캐주얼,산뜻한 컬러,20.10.27,15642,4,산뜻한 매력의 오렌지 스웨트셔츠에 크림 진을 매치하고 스웨이드 스니커즈로 마무리한 캠퍼스 룩,#가을 #캐주얼 #오버캐스트 #유니폼브릿지 #폭스바겐 와치 #제로 #타미진스 #뉴발란스 #캡/야구 모자 #반소매 티셔츠 #디지털 #미니스커트 #트레이닝/조거 팬츠 #안경 소품 #웨이스트 백,//image.msscdn.net/images/codimap/detail/232/detail_232_1_500.jpg?202307131607
99,캐주얼,훈훈 남친 룩,21.02.24,11899,4,오버사이즈 핏 스웨트셔츠에 블루 컬러 셔츠를 레이어드하고 퍼티그 팬츠와 스니커즈로 완성한 캐주얼 룩,#봄 #캐주얼 #유니폼브릿지 #뉴발란스 #커버낫 #안경 소품 #백팩 #맨투맨/스웨트셔츠,//image.msscdn.net/images/codimap/detail/1990/detail_1990_1_500.jpg?202307131607
100,걸리시,언제나 귀여워,21.08.20,3273,4,"퍼프소매가 돋보이는 미디 원피스에 카디건을 더하고, 플랫 슈즈로 완성한 걸리시 룩",#피크닉 #화사한 #체크 #여친룩 #여름 #걸리시 #마이부 #헤더먼트 #오뜨르 뒤 몽드 #위아이윤 #락피쉬웨더웨어 #목걸이/펜던트 #카디건 #미니 원피스 #헤어 액세서리 #숄더백 #힐/펌프스,//image.msscdn.net/images/codimap/detail/5782/detail_5782_1_500.jpg?202307131607
101,댄디,블랙의 멋,21.10.26,16828,4,깔끔한 실루엣의 터틀넥 니트와 데님 팬츠를 코디하고 레더 재킷으로 마무리한 댄디 룩,#레더 #모노톤 #데이트 #슬림핏 #가을 #댄디 #플랙 #에이징씨씨씨 #카시오 #닉앤니콜 포 맨 #로맨틱무브 #드로우핏 #데님 팬츠 #안경 소품 #액자/포스터 #레더/라이더스 재킷 #쿼츠 아날로그 #토트백 #부츠 #니트/스웨터,//image.msscdn.net/images/codimap/detail/8281/detail_8281_1_500.jpg?202307131607
102,포멀,트렌디한 출근 룩,21.10.06,11690,4,단정한 셔츠와 슈트 셋업을 매치하고 더비 슈즈로 완성한 포멀 룩,#셋업코디 #출근룩 #단정한 #격식 #미니멀 #가을 #포멀 #마노모스 #닥터마틴 #라퍼지스토어 #수아레 #안경 #구두 #셔츠/블라우스,//image.msscdn.net/images/codimap/detail/7530/detail_7530_1_500.jpg?202307131607
103,아메리칸,캐주얼 벌룬 팬츠 활용법,21.06.15,3148,4,편하게 입기 좋은 반팔 셔츠와 벌룬 팬츠를 코디하고 슬리퍼로 마무리한 아메리칸 캐주얼 룩,#아메카지 #벌룬핏 #오버핏 #꾸안꾸 #여름 #아메리칸 캐주얼 #오버다인 #한글안경 #더블유브이프로젝트 #버켄스탁 #에스피오나지 #메신저/크로스 백 #안경 #코튼 팬츠 #샌들 #셔츠/블라우스,//image.msscdn.net/images/codimap/detail/3726/detail_3726_1_500.jpg?202307131607
104,댄디,체크의 매력,21.06.21,1378,4,자수 디테일의 티셔츠와 체크 팬츠를 매치하고 슬리퍼로 완성한 댄디 룩,#체크 #럭셔리 #남친룩 #그래픽 #여름 #댄디 #앤더슨벨 #보테가베네타 #키링/키케이스 #슬리퍼 #메신저/크로스 백,//image.msscdn.net/images/codimap/detail/3804/detail_3804_1_500.jpg?202307131607
105,댄디,매력적인 댄디 룩,21.08.02,3557,4,담백한 실루엣의 반팔 셔츠와 슬랙스를 연출하고 토트백으로 완성한 댄디 룩,#와이드핏 #데이트 #레더 #미니멀 #여름 #댄디 #하프크라이즈 레이아웃 #제로 #스칼렛또블랙 #질스튜어트 맨 액세서리 #엘칸토 #슈트 팬츠/슬랙스 #안경 소품 #디퓨저/캔들 #셔츠/블라우스 #팔찌 #숄더백 #샌들,//image.msscdn.net/images/codimap/detail/5105/detail_5105_1_500.jpg?202307131607
106,캐주얼,프린팅 포인트,21.05.14,4362,4,오버 핏 반팔 티셔츠에 유니크한 프린팅의 데님 팬츠를 더해 완성한 캐주얼 룩,#봄 #캐주얼 #비바스튜디오 #몬스터리퍼블릭 #목걸이/펜던트 #백팩,//image.msscdn.net/images/codimap/detail/3169/detail_3169_1_500.jpg?202307131607
107,포멀,미니멀 감각,22.01.14,2946,4,블루 컬러가 돋보이는 니트와 슬랙스를 매치하고 토트백으로 마무리한 포멀 룩,#단정한 #격식 #출근룩 #레더 #오버핏 #얼죽코 #레이어드룩 #슬림핏 #겨울 #포멀 #제이반스 클래식 #로에일 #세인트 갤러리 #비비엔디 #더니트컴퍼니 #수아레 #머플러 #반소매 티셔츠 #긴소매 티셔츠 #토트백 #구두 #슈트 팬츠/슬랙스 #니트/스웨터 #겨울 싱글 코트,//image.msscdn.net/images/codimap/detail/11363/detail_11363_1_500.jpg?202307131607
108,캐주얼,여름 캐주얼 룩,21.05.28,10306,4,로고 프린팅 티셔츠와 데님 팬츠를 코디하고 플립플랍으로 마무리한 캐주얼 룩,#찢청 #로고플레이 #봄 #캐주얼 #겐지 #문수권세컨 #피그앤헨 #에이카화이트 #뉴발란스 #선글라스 #데님 팬츠 #안경 소품 #팔찌 #반소매 티셔츠,//image.msscdn.net/images/codimap/detail/3348/detail_3348_1_500.jpg?202307131607
109,걸리시,워너비 스타일,22.10.21,6833,4,카키 컬러가 돋보이는 크롭 니트와 셔츠를 레이어드하고 미니스커트와 베레를 더해 완성한 걸리시 룩,#레이어드룩 #크롭 #셔링 #짧치 #A라인 #뉴트럴톤 #핀턱 #가을 #걸리시 #셰르뚜아 서울 #엠엠지엘 #어반드레스 #헤인트 #뚜오미오 #파인드카푸어 #언더컨트롤 스튜디오 #부츠 #트러커 재킷 #미니스커트 #셔츠/블라우스 #토트백 #헌팅캡/베레모,//image.msscdn.net/images/codimap/detail/19351/detail_19351_1_500.jpg?202307131607
110,캐주얼,티셔츠에 주목!,21.05.18,4131,4,옐로 컬러가 돋보이는 반팔 티셔츠와 데님 팬츠를 연출하고 볼캡으로 마무리한 캐주얼 룩,#봄 #캐주얼 #리 #아카이브앱크 #라이프 아카이브 #리올그 #벤시몽 #데님 팬츠 #숄더백 #캡/야구 모자 #반소매 티셔츠 #샌들,//image.msscdn.net/images/codimap/detail/3207/detail_3207_1_500.jpg?202307131607
111,캐주얼,지금 입기 좋아,22.04.14,6078,4,깔끔한 디자인의 반팔 티셔츠와 카고 팬츠를 코디하고 에코백으로 완성한 캐주얼 룩,#캠퍼스 #와이드핏 #오버핏 #카고 #로고플레이 #봄 #캐주얼 #낫포너드 #파르티멘토 #리 #카시오 #커먼프로젝트 #트레이닝/조거 팬츠 #안경 소품 #셔츠/블라우스 #반소매 티셔츠 #에코백 #디지털,//image.msscdn.net/images/codimap/detail/14701/detail_14701_1_500.jpg?202307131607
112,캐주얼,봄 추천 룩!,21.03.04,19721,4,아이보리 컬러가 돋보이는 카디건과 데님 스커트를 매치하고 컨버스 소재의 스니커즈로 마무리한 캐주얼 룩,#봄 #캐주얼 #컨버스 #리 #백투베이직스 #후아유 #밀리언코르 #캔버스/단화 #긴소매 티셔츠 #메신저/크로스 백 #크로스백,//image.msscdn.net/images/codimap/detail/2112/detail_2112_1_500.jpg?202307131607
113,시크,컬러에 주목!,21.08.19,972,4,"감각적인 디자인의 원피스와 크로스 백, 선글라스로 완성한 시크 룩",#럭셔리 #컬러블록 #플리츠 #여름 #시크 #막스마라 #페라가모 #앤더슨벨 포 우먼 #구찌 #발렌시아가 #선글라스 #귀걸이 #숄더백 #구두,//image.msscdn.net/images/codimap/detail/5717/detail_5717_1_500.jpg?202307131607
114,걸리시,하이틴 무드,21.07.30,3902,4,뒷면 리본 디테일이 매력적인 크롭 티셔츠와 미니스커트를 연출하고 크로스 백으로 완성한 걸리시 룩,#크롭 #체크 #짧치 #하이틴룩 #여름 #걸리시 #아파트먼트 #스칼렛또 #오아이오아이 #세인트스코트 #레이첼콕스 #미니스커트 #반지 #반소매 티셔츠 #메신저/크로스 백 #크로스백 #플랫 슈즈,//image.msscdn.net/images/codimap/detail/5029/detail_5029_1_500.jpg?202307131607
115,캐주얼,숏 패딩 활용법,20.11.26,8853,4,자수 디테일이 돋보이는 스웨트셔츠와 코튼 팬츠를 스타일링하고 스니커즈로 포인트를 준 캐주얼 룩,#가을 #캐주얼 #디스이즈네버댓 #비슬로우 #엘엠씨 #커버낫 #숏패딩/숏헤비 아우터 #백팩 #셔츠/블라우스 #맨투맨/스웨트셔츠,//image.msscdn.net/images/codimap/detail/762/detail_762_1_500.jpg?202307131607
116,캐주얼,블랙으로 완성,21.05.17,3617,4,로고 디테일이 돋보이는 스웨트셔츠에 숏 팬츠를 매치한 이지 캐주얼 룩,#봄 #캐주얼 #아임낫어휴먼비잉 #컨버스 #에이소프 #뉴발란스 #양말 #백팩 #맨투맨/스웨트셔츠 #숏 팬츠,//image.msscdn.net/images/codimap/detail/3179/detail_3179_1_500.jpg?202307131607
117,캐주얼,가볍게 입자,21.09.17,9565,4,프린팅이 돋보이는 스웨트셔츠와 트레이닝 팬츠를 코디하고 스타디움 재킷으로 마무리한 이지 캐주얼 룩,#그래픽 #편안한 #원마일웨어 #에코 #가을 #캐주얼 #언폴드 #크럼프 #비바스튜디오 #어나더브릿지 #나이키 #에코백 #잡지/무크지 #트레이닝/조거 팬츠 #안경 소품 #맨투맨/스웨트셔츠 #안경 #패션스니커즈화,//image.msscdn.net/images/codimap/detail/6865/detail_6865_1_500.jpg?202307131607
118,캐주얼,체크 아이템,21.05.24,7464,4,로고 프린팅이 돋보이는 반팔 티셔츠와 퍼티그 스커트를 코디하고 체크 패턴 호보 백으로 포인트를 준 캐주얼 룩,#체크 #피크닉 #편안한 #봄 #캐주얼 #펀프롬펀 #치키타 #와릿이즌 #리 #컨버스 #숄더백 #기타 컬처 #롱스커트 #캡/야구 모자 #반소매 티셔츠,//image.msscdn.net/images/codimap/detail/3259/detail_3259_1_500.jpg?202307131607
119,캐주얼,귀여운 포인트,21.06.01,3404,4,그래픽 디테일이 돋보이는 반팔 티셔츠와 데님 팬츠로 완성한 캐주얼 룩 ,#캠퍼스 #그래픽 #여름 #캐주얼 #이피티 #잇터 #엘엠씨 #노스페이스 #트래블 #캔버스/단화 #캡/야구 모자 #데님 팬츠 #백팩,//image.msscdn.net/images/codimap/detail/3378/detail_3378_1_500.jpg?202307131607
